imgt,tenx,adaptive,adaptivev2
TRAC*01,TRAC,NoData,NoData
TRAJ1*01,TRAJ1,TCRAJ01-01*01,TCRAJ01-01*01
TRAJ10*01,TRAJ10,TCRAJ10-01*01,TCRAJ10-01*01
TRAJ11*01,TRAJ11,TCRAJ11-01*01,TCRAJ11-01*01
TRAJ12*01,TRAJ12,TCRAJ12-01*01,TCRAJ12-01*01
TRAJ13*01,TRAJ13,TCRAJ13-01*01,TCRAJ13-01*01
TRAJ13*02,TRAJ13,TCRAJ13-01*02,TCRAJ13-01*02
TRAJ14*01,TRAJ14,TCRAJ14-01*01,TCRAJ14-01*01
TRAJ15*01,TRAJ15,TCRAJ15-01*01,TCRAJ15-01*01
TRAJ15*02,TRAJ15,TCRAJ15-01*02,TCRAJ15-01*02
TRAJ16*01,TRAJ16,TCRAJ16-01*01,TCRAJ16-01*01
TRAJ16*02,TRAJ16,TCRAJ16-01*02,TCRAJ16-01*02
TRAJ17*01,TRAJ17,TCRAJ17-01*01,TCRAJ17-01*01
TRAJ18*01,TRAJ18,TCRAJ18-01*01,TCRAJ18-01*01
TRAJ19*01,TRAJ19,TCRAJ19-01*01,TCRAJ19-01*01
TRAJ2*01,TRAJ2,TCRAJ02-01*01,TCRAJ02-01*01
TRAJ20*01,TRAJ20,TCRAJ20-01*01,TCRAJ20-01*01
TRAJ21*01,TRAJ21,TCRAJ21-01*01,TCRAJ21-01*01
TRAJ22*01,TRAJ22,TCRAJ22-01*01,TCRAJ22-01*01
TRAJ23*01,TRAJ23,TCRAJ23-01*01,TCRAJ23-01*01
TRAJ23*02,TRAJ23,TCRAJ23-01*02,TCRAJ23-01*02
TRAJ24*01,TRAJ24,TCRAJ24-01*01,TCRAJ24-01*01
TRAJ24*02,TRAJ24,TCRAJ24-01*02,TCRAJ24-01*02
TRAJ24*03,TRAJ24,TCRAJ24-01*03,TCRAJ24-01*03
TRAJ25*01,TRAJ25,TCRAJ25-01*01,TCRAJ25-01*01
TRAJ26*01,TRAJ26,TCRAJ26-01*01,TCRAJ26-01*01
TRAJ27*01,TRAJ27,TCRAJ27-01*01,TCRAJ27-01*01
TRAJ28*01,TRAJ28,TCRAJ28-01*01,TCRAJ28-01*01
TRAJ29*01,TRAJ29,TCRAJ29-01*01,TCRAJ29-01*01
TRAJ3*01,TRAJ3,TCRAJ03-01*01,TCRAJ03-01*01
TRAJ30*01,TRAJ30,TCRAJ30-01*01,TCRAJ30-01*01
TRAJ31*01,TRAJ31,TCRAJ31-01*01,TCRAJ31-01*01
TRAJ32*01,TRAJ32,TCRAJ32-01*01,TCRAJ32-01*01
TRAJ32*02,TRAJ32,TCRAJ32-01*02,TCRAJ32-01*02
TRAJ33*01,TRAJ33,TCRAJ33-01*01,TCRAJ33-01*01
TRAJ34*01,TRAJ34,TCRAJ34-01*01,TCRAJ34-01*01
TRAJ35*01,TRAJ35,TCRAJ35-01*01,TCRAJ35-01*01
TRAJ36*01,TRAJ36,TCRAJ36-01*01,TCRAJ36-01*01
TRAJ37*01,TRAJ37,TCRAJ37-01*01,TCRAJ37-01*01
TRAJ37*02,TRAJ37,TCRAJ37-01*02,TCRAJ37-01*02
TRAJ38*01,TRAJ38,TCRAJ38-01*01,TCRAJ38-01*01
TRAJ39*01,TRAJ39,TCRAJ39-01*01,TCRAJ39-01*01
TRAJ4*01,TRAJ4,TCRAJ04-01*01,TCRAJ04-01*01
TRAJ40*01,TRAJ40,TCRAJ40-01*01,TCRAJ40-01*01
TRAJ41*01,TRAJ41,TCRAJ41-01*01,TCRAJ41-01*01
TRAJ42*01,TRAJ42,TCRAJ42-01*01,TCRAJ42-01*01
TRAJ43*01,TRAJ43,TCRAJ43-01*01,TCRAJ43-01*01
TRAJ44*01,TRAJ44,TCRAJ44-01*01,TCRAJ44-01*01
TRAJ45*01,TRAJ45,TCRAJ45-01*01,TCRAJ45-01*01
TRAJ46*01,TRAJ46,TCRAJ46-01*01,TCRAJ46-01*01
TRAJ47*01,TRAJ47,TCRAJ47-01*01,TCRAJ47-01*01
TRAJ47*02,TRAJ47,TCRAJ47-01*02,TCRAJ47-01*02
TRAJ48*01,TRAJ48,TCRAJ48-01*01,TCRAJ48-01*01
TRAJ49*01,TRAJ49,TCRAJ49-01*01,TCRAJ49-01*01
TRAJ5*01,TRAJ5,TCRAJ05-01*01,TCRAJ05-01*01
TRAJ50*01,TRAJ50,TCRAJ50-01*01,TCRAJ50-01*01
TRAJ51*01,TRAJ51,TCRAJ51-01*01,TCRAJ51-01*01
TRAJ52*01,TRAJ52,TCRAJ52-01*01,TCRAJ52-01*01
TRAJ53*01,TRAJ53,TCRAJ53-01*01,TCRAJ53-01*01
TRAJ54*01,TRAJ54,TCRAJ54-01*01,TCRAJ54-01*01
TRAJ55*01,TRAJ55,TCRAJ55-01*01,TCRAJ55-01*01
TRAJ56*01,TRAJ56,TCRAJ56-01*01,TCRAJ56-01*01
TRAJ57*01,TRAJ57,TCRAJ57-01*01,TCRAJ57-01*01
TRAJ58*01,TRAJ58,TCRAJ58-01*01,TCRAJ58-01*01
TRAJ59*01,TRAJ59,TCRAJ59-01*01,TCRAJ59-01*01
TRAJ6*01,TRAJ6,TCRAJ06-01*01,TCRAJ06-01*01
TRAJ60*01,TRAJ60,TCRAJ60-01*01,TCRAJ60-01*01
TRAJ61*01,TRAJ61,TCRAJ61-01*01,TCRAJ61-01*01
TRAJ7*01,TRAJ7,TCRAJ07-01*01,TCRAJ07-01*01
TRAJ8*01,TRAJ8,TCRAJ08-01*01,TCRAJ08-01*01
TRAJ8*02,TRAJ8,TCRAJ08-01*02,TCRAJ08-01*02
TRAJ9*01,TRAJ9,TCRAJ09-01*01,TCRAJ09-01*01
TRAV1-1*01,TRAV1-1,TCRAV01-01*01,TCRAV01-01*01
TRAV1-1*02,TRAV1-1,TCRAV01-01*02,TCRAV01-01*02
TRAV1-2*01,TRAV1-2,TCRAV01-02*01,TCRAV01-02*01
TRAV1-2*02,TRAV1-2,TCRAV01-02*02,TCRAV01-02*02
TRAV1-2*03,TRAV1-2,TCRAV01-02*03,TCRAV01-02*03
TRAV10*01,TRAV10,TCRAV10-01*01,TCRAV10-01*01
TRAV10*02,TRAV10,TCRAV10-01*02,TCRAV10-01*02
TRAV11*01,TRAV11,TCRAV11-01*01,TCRAV11-01*01
TRAV11-1*01,TRAV11-1,TCRAV11-01*01,TCRAV11-01*01
TRAV12-1*01,TRAV12-1,TCRAV12-01*01,TCRAV12-01*01
TRAV12-1*02,TRAV12-1,TCRAV12-01*02,TCRAV12-01*02
TRAV12-2*01,TRAV12-2,TCRAV12-02*01,TCRAV12-02*01
TRAV12-2*02,TRAV12-2,TCRAV12-02*02,TCRAV12-02*02
TRAV12-2*03,TRAV12-2,TCRAV12-02*03,TCRAV12-02*03
TRAV12-3*01,TRAV12-3,TCRAV12-03*01,TCRAV12-03*01
TRAV12-3*02,TRAV12-3,TCRAV12-03*02,TCRAV12-03*02
TRAV13-1*01,TRAV13-1,TCRAV13-01*01,TCRAV13-01*01
TRAV13-1*02,TRAV13-1,TCRAV13-01*02,TCRAV13-01*02
TRAV13-1*03,TRAV13-1,TCRAV13-01*03,TCRAV13-01*03
TRAV13-2*01,TRAV13-2,TCRAV13-02*01,TCRAV13-02*01
TRAV13-2*02,TRAV13-2,TCRAV13-02*02,TCRAV13-02*02
TRAV14-1*01,TRAV14-1,TCRAV14-01*01,TCRAV14-01*01
TRAV14-1*02,TRAV14-1,TCRAV14-01*02,TCRAV14-01*02
TRAV14/DV4*01,TRAV14/DV4,TCRAV14-01*01,TCRAV14-01*01
TRAV14/DV4*02,TRAV14/DV4,TCRAV14-01*02,TCRAV14-01*02
TRAV14/DV4*03,TRAV14/DV4,TCRAV14-01*03,TCRAV14-01*03
TRAV14/DV4*04,TRAV14/DV4,TCRAV14-01*04,TCRAV14-01*04
TRAV15*01,TRAV15,TCRAV15-01*01,TCRAV15-01*01
TRAV16*01,TRAV16,TCRAV16-01*01,TCRAV16-01*01
TRAV17*01,TRAV17,TCRAV17-01*01,TCRAV17-01*01
TRAV18*01,TRAV18,TCRAV18-01*01,TCRAV18-01*01
TRAV19*01,TRAV19,TCRAV19-01*01,TCRAV19-01*01
TRAV2*01,TRAV2,TCRAV02-01*01,TCRAV02-01*01
TRAV2*02,TRAV2,TCRAV02-01*02,TCRAV02-01*02
TRAV20*01,TRAV20,TCRAV20-01*01,TCRAV20-01*01
TRAV20*02,TRAV20,TCRAV20-01*02,TCRAV20-01*02
TRAV20*03,TRAV20,TCRAV20-01*03,TCRAV20-01*03
TRAV20*04,TRAV20,TCRAV20-01*04,TCRAV20-01*04
TRAV21*01,TRAV21,TCRAV21-01*01,TCRAV21-01*01
TRAV21*02,TRAV21,TCRAV21-01*02,TCRAV21-01*02
TRAV22*01,TRAV22,TCRAV22-01*01,TCRAV22-01*01
TRAV23/DV6*01,TRAV23/DV6,TCRAV23-01*01,TCRAV23-01*01
TRAV23/DV6*02,TRAV23/DV6,TCRAV23-01*02,TCRAV23-01*02
TRAV23/DV6*03,TRAV23/DV6,TCRAV23-01*03,TCRAV23-01*03
TRAV23/DV6*04,TRAV23/DV6,TCRAV23-01*04,TCRAV23-01*04
TRAV23/DV6*05,TRAV23/DV6,TCRAV23-01*05,TCRAV23-01*05
TRAV24*01,TRAV24,TCRAV24-01*01,TCRAV24-01*01
TRAV24*02,TRAV24,TCRAV24-01*02,TCRAV24-01*02
TRAV25*01,TRAV25,TCRAV25-01*01,TCRAV25-01*01
TRAV26-1*01,TRAV26-1,TCRAV26-01*01,TCRAV26-01*01
TRAV26-1*02,TRAV26-1,TCRAV26-01*02,TCRAV26-01*02
TRAV26-1*03,TRAV26-1,TCRAV26-01*03,TCRAV26-01*03
TRAV26-2*01,TRAV26-2,TCRAV26-02*01,TCRAV26-02*01
TRAV26-2*02,TRAV26-2,TCRAV26-02*02,TCRAV26-02*02
TRAV27*01,TRAV27,TCRAV27-01*01,TCRAV27-01*01
TRAV27*02,TRAV27,TCRAV27-01*02,TCRAV27-01*02
TRAV27*03,TRAV27,TCRAV27-01*03,TCRAV27-01*03
TRAV28*01,TRAV28,TCRAV28-01*01,TCRAV28-01*01
TRAV28*02,TRAV28,TCRAV28-01*02,TCRAV28-01*02
TRAV29/DV5*01,TRAV29/DV5,TCRAV29-01*01,TCRAV29-01*01
TRAV29/DV5*02,TRAV29/DV5,TCRAV29-01*02,TCRAV29-01*02
TRAV29/DV5*03,TRAV29/DV5,TCRAV29-01*03,TCRAV29-01*03
TRAV29/DV5*04,TRAV29/DV5,TCRAV29-01*04,TCRAV29-01*04
TRAV3*01,TRAV3,TCRAV03-01*01,TCRAV03-01*01
TRAV3*02,TRAV3,TCRAV03-01*02,TCRAV03-01*02
TRAV30*01,TRAV30,TCRAV30-01*01,TCRAV30-01*01
TRAV30*02,TRAV30,TCRAV30-01*02,TCRAV30-01*02
TRAV30*03,TRAV30,TCRAV30-01*03,TCRAV30-01*03
TRAV30*04,TRAV30,TCRAV30-01*04,TCRAV30-01*04
TRAV30*05,TRAV30,TCRAV30-01*05,TCRAV30-01*05
TRAV31*01,TRAV31,TCRAV31-01*01,TCRAV31-01*01
TRAV31*02,TRAV31,TCRAV31-01*02,TCRAV31-01*02
TRAV32*01,TRAV32,TCRAV32-01*01,TCRAV32-01*01
TRAV33*01,TRAV33,TCRAV33-01*01,TCRAV33-01*01
TRAV33*02,TRAV33,TCRAV33-01*02,TCRAV33-01*02
TRAV34*01,TRAV34,TCRAV34-01*01,TCRAV34-01*01
TRAV35*01,TRAV35,TCRAV35-01*01,TCRAV35-01*01
TRAV35*02,TRAV35,TCRAV35-01*02,TCRAV35-01*02
TRAV35*03,TRAV35,TCRAV35-01*03,TCRAV35-01*03
TRAV36/DV7*01,TRAV36/DV7,TCRAV36-01*01,TCRAV36-01*01
TRAV36/DV7*02,TRAV36/DV7,TCRAV36-01*02,TCRAV36-01*02
TRAV36/DV7*03,TRAV36/DV7,TCRAV36-01*03,TCRAV36-01*03
TRAV36/DV7*04,TRAV36/DV7,TCRAV36-01*04,TCRAV36-01*04
TRAV36/DV7*05,TRAV36/DV7,TCRAV36-01*05,TCRAV36-01*05
TRAV37*01,TRAV37,TCRAV37-01*01,TCRAV37-01*01
TRAV38-1*01,TRAV38-1,TCRAV38-01*01,TCRAV38-01*01
TRAV38-1*02,TRAV38-1,TCRAV38-01*02,TCRAV38-01*02
TRAV38-1*03,TRAV38-1,TCRAV38-01*03,TCRAV38-01*03
TRAV38-1*04,TRAV38-1,TCRAV38-01*04,TCRAV38-01*04
TRAV38-2/DV8*01,TRAV38-2/DV8,TCRAV38-02*01,TCRAV38-02*01
TRAV39*01,TRAV39,TCRAV39-01*01,TCRAV39-01*01
TRAV4*01,TRAV4,TCRAV04-01*01,TCRAV04-01*01
TRAV40*01,TRAV40,TCRAV40-01*01,TCRAV40-01*01
TRAV41*01,TRAV41,TCRAV41-01*01,TCRAV41-01*01
TRAV46*01,TRAV46,TCRAV46-01*01,TCRAV46-01*01
TRAV5*01,TRAV5,TCRAV05-01*01,TCRAV05-01*01
TRAV6*01,TRAV6,TCRAV06-01*01,TCRAV06-01*01
TRAV6*02,TRAV6,TCRAV06-01*02,TCRAV06-01*02
TRAV6*03,TRAV6,TCRAV06-01*03,TCRAV06-01*03
TRAV6*04,TRAV6,TCRAV06-01*04,TCRAV06-01*04
TRAV6*05,TRAV6,TCRAV06-01*05,TCRAV06-01*05
TRAV6*06,TRAV6,TCRAV06-01*06,TCRAV06-01*06
TRAV6*07,TRAV6,TCRAV06-01*07,TCRAV06-01*07
TRAV7*01,TRAV7,TCRAV07-01*01,TCRAV07-01*01
TRAV8-1*01,TRAV8-1,TCRAV08-01*01,TCRAV08-01*01
TRAV8-1*02,TRAV8-1,TCRAV08-01*02,TCRAV08-01*02
TRAV8-2*01,TRAV8-2,TCRAV08-02*01,TCRAV08-02*01
TRAV8-2*02,TRAV8-2,TCRAV08-02*02,TCRAV08-02*02
TRAV8-2*03,TRAV8-2,TCRAV08-02*03,TCRAV08-02*03
TRAV8-3*01,TRAV8-3,TCRAV08-03*01,TCRAV08-03*01
TRAV8-3*02,TRAV8-3,TCRAV08-03*02,TCRAV08-03*02
TRAV8-3*03,TRAV8-3,TCRAV08-03*03,TCRAV08-03*03
TRAV8-4*01,TRAV8-4,TCRAV08-04*01,TCRAV08-04*01
TRAV8-4*02,TRAV8-4,TCRAV08-04*02,TCRAV08-04*02
TRAV8-4*03,TRAV8-4,TCRAV08-04*03,TCRAV08-04*03
TRAV8-4*04,TRAV8-4,TCRAV08-04*04,TCRAV08-04*04
TRAV8-4*05,TRAV8-4,TCRAV08-04*05,TCRAV08-04*05
TRAV8-4*06,TRAV8-4,TCRAV08-04*06,TCRAV08-04*06
TRAV8-4*07,TRAV8-4,TCRAV08-04*07,TCRAV08-04*07
TRAV8-5*01,TRAV8-5,TCRAV08-05*01,TCRAV08-05*01
TRAV8-6*01,TRAV8-6,TCRAV08-06*01,TCRAV08-06*01
TRAV8-6*02,TRAV8-6,TCRAV08-06*02,TCRAV08-06*02
TRAV8-6-1*01,TRAV8-6-1,TCRAV08-06-01*01,TCRAV08-06-01*01
TRAV8-7*01,TRAV8-7,TCRAV08-07*01,TCRAV08-07*01
TRAV8-7*02,TRAV8-7,TCRAV08-07*02,TCRAV08-07*02
TRAV9-1*01,TRAV9-1,TCRAV09-01*01,TCRAV09-01*01
TRAV9-2*01,TRAV9-2,TCRAV09-02*01,TCRAV09-02*01
TRAV9-2*02,TRAV9-2,TCRAV09-02*02,TCRAV09-02*02
TRAV9-2*03,TRAV9-2,TCRAV09-02*03,TCRAV09-02*03
TRAV9-2*04,TRAV9-2,TCRAV09-02*04,TCRAV09-02*04
TRAVA*01,TRAVA,TCRAVA-01*01,TCRAVA-01*01
TRAVA*02,TRAVA,TCRAVA-01*02,TCRAVA-01*02
TRAVB*01,TRAVB,TCRAVB-01*01,TCRAVB-01*01
TRAVB*02,TRAVB,TCRAVB-01*02,TCRAVB-01*02
TRAVC*01,TRAVC,NoData,NoData
TRBC1*01,TRBC1,NoData,NoData
TRBC1*02,TRBC1,NoData,NoData
TRBC1*03,TRBC1,NoData,NoData
TRBC2*01,TRBC2,NoData,NoData
TRBC2*02,TRBC2,NoData,NoData
TRBC2*03,TRBC2,NoData,NoData
TRBD1*01,TRBD1,TCRBD01-01*01,TCRBD01-01*01
TRBD2*01,TRBD2,TCRBD02-01*01,TCRBD02-01*01
TRBD2*02,TRBD2,TCRBD02-01*02,TCRBD02-01*02
TRBJ1-1*01,TRBJ1-1,TCRBJ01-01*01,TCRBJ01-01*01
TRBJ1-2*01,TRBJ1-2,TCRBJ01-02*01,TCRBJ01-02*01
TRBJ1-3*01,TRBJ1-3,TCRBJ01-03*01,TCRBJ01-03*01
TRBJ1-4*01,TRBJ1-4,TCRBJ01-04*01,TCRBJ01-04*01
TRBJ1-5*01,TRBJ1-5,TCRBJ01-05*01,TCRBJ01-05*01
TRBJ1-6*01,TRBJ1-6,TCRBJ01-06*01,TCRBJ01-06*01
TRBJ1-6*02,TRBJ1-6,TCRBJ01-06*02,TCRBJ01-06*02
TRBJ2-1*01,TRBJ2-1,TCRBJ02-01*01,TCRBJ02-01*01
TRBJ2-2*01,TRBJ2-2,TCRBJ02-02*01,TCRBJ02-02*01
TRBJ2-2P*01,TRBJ2-2P,TCRBJ02-02P*01,TCRBJ02-02P*01
TRBJ2-3*01,TRBJ2-3,TCRBJ02-03*01,TCRBJ02-03*01
TRBJ2-4*01,TRBJ2-4,TCRBJ02-04*01,TCRBJ02-04*01
TRBJ2-5*01,TRBJ2-5,TCRBJ02-05*01,TCRBJ02-05*01
TRBJ2-6*01,TRBJ2-6,TCRBJ02-06*01,TCRBJ02-06*01
TRBJ2-7*01,TRBJ2-7,TCRBJ02-07*01,TCRBJ02-07*01
TRBJ2-7*02,TRBJ2-7,TCRBJ02-07*02,TCRBJ02-07*02
TRBV1*01,TRBV1,TCRBV01-01*01,TCRBV01-01*01
TRBV10-1*01,TRBV10-1,TCRBV10-01*01,TCRBV10-01*01
TRBV10-1*02,TRBV10-1,TCRBV10-01*02,TCRBV10-01*02
TRBV10-1*03,TRBV10-1,TCRBV10-01*03,TCRBV10-01*03
TRBV10-2*01,TRBV10-2,TCRBV10-02*01,TCRBV10-02*01
TRBV10-2*02,TRBV10-2,TCRBV10-02*02,TCRBV10-02*02
TRBV10-3*01,TRBV10-3,TCRBV10-03*01,TCRBV10-03*01
TRBV10-3*02,TRBV10-3,TCRBV10-03*02,TCRBV10-03*02
TRBV10-3*03,TRBV10-3,TCRBV10-03*03,TCRBV10-03*03
TRBV10-3*04,TRBV10-3,TCRBV10-03*04,TCRBV10-03*04
TRBV11-1*01,TRBV11-1,TCRBV11-01*01,TCRBV11-01*01
TRBV11-2*01,TRBV11-2,TCRBV11-02*01,TCRBV11-02*01
TRBV11-2*02,TRBV11-2,TCRBV11-02*02,TCRBV11-02*02
TRBV11-2*03,TRBV11-2,TCRBV11-02*03,TCRBV11-02*03
TRBV11-3*01,TRBV11-3,TCRBV11-03*01,TCRBV11-03*01
TRBV11-3*02,TRBV11-3,TCRBV11-03*02,TCRBV11-03*02
TRBV11-3*03,TRBV11-3,TCRBV11-03*03,TCRBV11-03*03
TRBV11-3*04,TRBV11-3,TCRBV11-03*04,TCRBV11-03*04
TRBV12-1*01,TRBV12-1,TCRBV12-01*01,TCRBV12-01*01
TRBV12-2*01,TRBV12-2,TCRBV12-02*01,TCRBV12-02*01
TRBV12-3*01,TRBV12-3,TCRBV12-03*01,TCRBV12-03*01
TRBV12-4*01,TRBV12-4,TCRBV12-04*01,TCRBV12-04*01
TRBV12-4*02,TRBV12-4,TCRBV12-04*02,TCRBV12-04*02
TRBV12-5*01,TRBV12-5,TCRBV12-05*01,TCRBV12-05*01
TRBV13*01,TRBV13,TCRBV13-01*01,TCRBV13-01*01
TRBV13*02,TRBV13,TCRBV13-01*02,TCRBV13-01*02
TRBV14*01,TRBV14,TCRBV14-01*01,TCRBV14-01*01
TRBV14*02,TRBV14,TCRBV14-01*02,TCRBV14-01*02
TRBV15*01,TRBV15,TCRBV15-01*01,TCRBV15-01*01
TRBV15*02,TRBV15,TCRBV15-01*02,TCRBV15-01*02
TRBV15*03,TRBV15,TCRBV15-01*03,TCRBV15-01*03
TRBV16*01,TRBV16,TCRBV16-01*01,TCRBV16-01*01
TRBV16*02,TRBV16,TCRBV16-01*02,TCRBV16-01*02
TRBV16*03,TRBV16,TCRBV16-01*03,TCRBV16-01*03
TRBV17*01,TRBV17,TCRBV17-01*01,TCRBV17-01*01
TRBV17*02,TRBV17,TCRBV17-01*02,TCRBV17-01*02
TRBV18*01,TRBV18,TCRBV18-01*01,TCRBV18-01*01
TRBV19*01,TRBV19,TCRBV19-01*01,TCRBV19-01*01
TRBV19*02,TRBV19,TCRBV19-01*02,TCRBV19-01*02
TRBV19*03,TRBV19,TCRBV19-01*03,TCRBV19-01*03
TRBV2*01,TRBV2,TCRBV02-01*01,TCRBV02-01*01
TRBV2*02,TRBV2,TCRBV02-01*02,TCRBV02-01*02
TRBV2*03,TRBV2,TCRBV02-01*03,TCRBV02-01*03
TRBV20-1*01,TRBV20-1,TCRBV20-01*01,TCRBV20-01*01
TRBV20-1*02,TRBV20-1,TCRBV20-01*02,TCRBV20-01*02
TRBV20-1*03,TRBV20-1,TCRBV20-01*03,TCRBV20-01*03
TRBV20-1*04,TRBV20-1,TCRBV20-01*04,TCRBV20-01*04
TRBV20-1*05,TRBV20-1,TCRBV20-01*05,TCRBV20-01*05
TRBV20-1*06,TRBV20-1,TCRBV20-01*06,TCRBV20-01*06
TRBV20-1*07,TRBV20-1,TCRBV20-01*07,TCRBV20-01*07
TRBV20/OR9-2*01,TRBV20/OR9-2,TCRBV20-or09_02*01,TCRBV20-or09_02*01
TRBV20/OR9-2*02,TRBV20/OR9-2,TCRBV20-or09_02*02,TCRBV20-or09_02*02
TRBV20/OR9-2*03,TRBV20/OR9-2,TCRBV20-or09_02*03,TCRBV20-or09_02*03
TRBV21-1*01,TRBV21-1,TCRBV21-01*01,TCRBV21-01*01
TRBV21-1*02,TRBV21-1,TCRBV21-01*02,TCRBV21-01*02
TRBV21/OR9-2*01,TRBV21/OR9-2,TCRBV21-or09_02*01,TCRBV21-or09_02*01
TRBV22-1*01,TRBV22-1,TCRBV22-01*01,TCRBV22-01*01
TRBV22/OR9-2*01,TRBV22/OR9-2,TCRBV22-or09_02*01,TCRBV22-or09_02*01
TRBV23-1*01,TRBV23-1,TCRBV23-01*01,TCRBV23-01*01
TRBV23/OR9-2*01,TRBV23/OR9-2,TCRBV23-or09_02*01,TCRBV23-or09_02*01
TRBV23/OR9-2*02,TRBV23/OR9-2,TCRBV23-or09_02*02,TCRBV23-or09_02*02
TRBV24-1*01,TRBV24-1,TCRBV24-01*01,TCRBV24-01*01
TRBV24-1*02,TRBV24-1,TCRBV24-01*02,TCRBV24-01*02
TRBV24/OR9-2*01,TRBV24/OR9-2,TCRBV24-or09_02*01,TCRBV24-or09_02*01
TRBV24/OR9-2*02,TRBV24/OR9-2,TCRBV24-or09_02*02,TCRBV24-or09_02*02
TRBV24/OR9-2*03,TRBV24/OR9-2,TCRBV24-or09_02*03,TCRBV24-or09_02*03
TRBV25-1*01,TRBV25-1,TCRBV25-01*01,TCRBV25-01*01
TRBV25/OR9-2*01,TRBV25/OR9-2,TCRBV25-or09_02*01,TCRBV25-or09_02*01
TRBV25/OR9-2*02,TRBV25/OR9-2,TCRBV25-or09_02*02,TCRBV25-or09_02*02
TRBV26*01,TRBV26,TCRBV26-01*01,TCRBV26-01*01
TRBV26/OR9-2*01,TRBV26/OR9-2,TCRBV26-or09_02*01,TCRBV26-or09_02*01
TRBV26/OR9-2*02,TRBV26/OR9-2,TCRBV26-or09_02*02,TCRBV26-or09_02*02
TRBV27*01,TRBV27,TCRBV27-01*01,TCRBV27-01*01
TRBV28*01,TRBV28,TCRBV28-01*01,TCRBV28-01*01
TRBV29-1*01,TRBV29-1,TCRBV29-01*01,TCRBV29-01*01
TRBV29-1*02,TRBV29-1,TCRBV29-01*02,TCRBV29-01*02
TRBV29-1*03,TRBV29-1,TCRBV29-01*03,TCRBV29-01*03
TRBV29/OR9-2*01,TRBV29/OR9-2,TCRBV29-or09_02*01,TCRBV29-or09_02*01
TRBV29/OR9-2*02,TRBV29/OR9-2,TCRBV29-or09_02*02,TCRBV29-or09_02*02
TRBV3-1*01,TRBV3-1,TCRBV03-01*01,TCRBV03-01*01
TRBV3-1*02,TRBV3-1,TCRBV03-01*02,TCRBV03-01*02
TRBV3-2*01,TRBV3-2,TCRBV03-02*01,TCRBV03-02*01
TRBV3-2*02,TRBV3-2,TCRBV03-02*02,TCRBV03-02*02
TRBV3-2*03,TRBV3-2,TCRBV03-02*03,TCRBV03-02*03
TRBV30*01,TRBV30,TCRBV30-01*01,TCRBV30-01*01
TRBV30*02,TRBV30,TCRBV30-01*02,TCRBV30-01*02
TRBV30*03,TRBV30,TCRBV30-01*03,TCRBV30-01*03
TRBV30*04,TRBV30,TCRBV30-01*04,TCRBV30-01*04
TRBV30*05,TRBV30,TCRBV30-01*05,TCRBV30-01*05
TRBV4-1*01,TRBV4-1,TCRBV04-01*01,TCRBV04-01*01
TRBV4-1*02,TRBV4-1,TCRBV04-01*02,TCRBV04-01*02
TRBV4-2*01,TRBV4-2,TCRBV04-02*01,TCRBV04-02*01
TRBV4-2*02,TRBV4-2,TCRBV04-02*02,TCRBV04-02*02
TRBV4-3*01,TRBV4-3,TCRBV04-03*01,TCRBV04-03*01
TRBV4-3*02,TRBV4-3,TCRBV04-03*02,TCRBV04-03*02
TRBV4-3*03,TRBV4-3,TCRBV04-03*03,TCRBV04-03*03
TRBV4-3*04,TRBV4-3,TCRBV04-03*04,TCRBV04-03*04
TRBV5-1*01,TRBV5-1,TCRBV05-01*01,TCRBV05-01*01
TRBV5-1*02,TRBV5-1,TCRBV05-01*02,TCRBV05-01*02
TRBV5-2*01,TRBV5-2,TCRBV05-02*01,TCRBV05-02*01
TRBV5-3*01,TRBV5-3,TCRBV05-03*01,TCRBV05-03*01
TRBV5-3*02,TRBV5-3,TCRBV05-03*02,TCRBV05-03*02
TRBV5-4*01,TRBV5-4,TCRBV05-04*01,TCRBV05-04*01
TRBV5-4*02,TRBV5-4,TCRBV05-04*02,TCRBV05-04*02
TRBV5-4*03,TRBV5-4,TCRBV05-04*03,TCRBV05-04*03
TRBV5-4*04,TRBV5-4,TCRBV05-04*04,TCRBV05-04*04
TRBV5-5*01,TRBV5-5,TCRBV05-05*01,TCRBV05-05*01
TRBV5-5*02,TRBV5-5,TCRBV05-05*02,TCRBV05-05*02
TRBV5-5*03,TRBV5-5,TCRBV05-05*03,TCRBV05-05*03
TRBV5-6*01,TRBV5-6,TCRBV05-06*01,TCRBV05-06*01
TRBV5-7*01,TRBV5-7,TCRBV05-07*01,TCRBV05-07*01
TRBV5-8*01,TRBV5-8,TCRBV05-08*01,TCRBV05-08*01
TRBV5-8*02,TRBV5-8,TCRBV05-08*02,TCRBV05-08*02
TRBV6-1*01,TRBV6-1,TCRBV06-01*01,TCRBV06-01*01
TRBV6-2*01,TRBV6-2,TCRBV06-02*01,TCRBV06-02*01
TRBV6-3*01,TRBV6-3,TCRBV06-03*01,TCRBV06-03*01
TRBV6-4*01,TRBV6-4,TCRBV06-04*01,TCRBV06-04*01
TRBV6-4*02,TRBV6-4,TCRBV06-04*02,TCRBV06-04*02
TRBV6-5*01,TRBV6-5,TCRBV06-05*01,TCRBV06-05*01
TRBV6-6*01,TRBV6-6,TCRBV06-06*01,TCRBV06-06*01
TRBV6-6*02,TRBV6-6,TCRBV06-06*02,TCRBV06-06*02
TRBV6-6*03,TRBV6-6,TCRBV06-06*03,TCRBV06-06*03
TRBV6-6*04,TRBV6-6,TCRBV06-06*04,TCRBV06-06*04
TRBV6-6*05,TRBV6-6,TCRBV06-06*05,TCRBV06-06*05
TRBV6-7*01,TRBV6-7,TCRBV06-07*01,TCRBV06-07*01
TRBV6-8*01,TRBV6-8,TCRBV06-08*01,TCRBV06-08*01
TRBV6-9*01,TRBV6-9,TCRBV06-09*01,TCRBV06-09*01
TRBV7-1*01,TRBV7-1,TCRBV07-01*01,TCRBV07-01*01
TRBV7-2*01,TRBV7-2,TCRBV07-02*01,TCRBV07-02*01
TRBV7-2*02,TRBV7-2,TCRBV07-02*02,TCRBV07-02*02
TRBV7-2*03,TRBV7-2,TCRBV07-02*03,TCRBV07-02*03
TRBV7-2*04,TRBV7-2,TCRBV07-02*04,TCRBV07-02*04
TRBV7-3*01,TRBV7-3,TCRBV07-03*01,TCRBV07-03*01
TRBV7-3*02,TRBV7-3,TCRBV07-03*02,TCRBV07-03*02
TRBV7-3*03,TRBV7-3,TCRBV07-03*03,TCRBV07-03*03
TRBV7-3*04,TRBV7-3,TCRBV07-03*04,TCRBV07-03*04
TRBV7-3*05,TRBV7-3,TCRBV07-03*05,TCRBV07-03*05
TRBV7-4*01,TRBV7-4,TCRBV07-04*01,TCRBV07-04*01
TRBV7-4*02,TRBV7-4,TCRBV07-04*02,TCRBV07-04*02
TRBV7-5*01,TRBV7-5,TCRBV07-05*01,TCRBV07-05*01
TRBV7-5*02,TRBV7-5,TCRBV07-05*02,TCRBV07-05*02
TRBV7-6*01,TRBV7-6,TCRBV07-06*01,TCRBV07-06*01
TRBV7-6*02,TRBV7-6,TCRBV07-06*02,TCRBV07-06*02
TRBV7-7*01,TRBV7-7,TCRBV07-07*01,TCRBV07-07*01
TRBV7-7*02,TRBV7-7,TCRBV07-07*02,TCRBV07-07*02
TRBV7-8*01,TRBV7-8,TCRBV07-08*01,TCRBV07-08*01
TRBV7-8*02,TRBV7-8,TCRBV07-08*02,TCRBV07-08*02
TRBV7-8*03,TRBV7-8,TCRBV07-08*03,TCRBV07-08*03
TRBV7-9*01,TRBV7-9,TCRBV07-09*01,TCRBV07-09*01
TRBV7-9*02,TRBV7-9,TCRBV07-09*02,TCRBV07-09*02
TRBV7-9*03,TRBV7-9,TCRBV07-09*03,TCRBV07-09*03
TRBV7-9*04,TRBV7-9,TCRBV07-09*04,TCRBV07-09*04
TRBV7-9*05,TRBV7-9,TCRBV07-09*05,TCRBV07-09*05
TRBV7-9*06,TRBV7-9,TCRBV07-09*06,TCRBV07-09*06
TRBV7-9*07,TRBV7-9,TCRBV07-09*07,TCRBV07-09*07
TRBV8-1*01,TRBV8-1,TCRBV08-01*01,TCRBV08-01*01
TRBV8-1*02,TRBV8-1,TCRBV08-01*02,TCRBV08-01*02
TRBV8-2*01,TRBV8-2,TCRBV08-02*01,TCRBV08-02*01
TRBV8-2*02,TRBV8-2,TCRBV08-02*02,TCRBV08-02*02
TRBV9*01,TRBV9,TCRBV09-01*01,TCRBV09-01*01
TRBV9*02,TRBV9,TCRBV09-01*02,TCRBV09-01*02
TRBV9*03,TRBV9,TCRBV09-01*03,TCRBV09-01*03
TRBVA*01,TRBVA,TCRBVA-01*01,TCRBVA-01*01
TRBVA*02,TRBVA,TCRBVA-01*02,TCRBVA-01*02
TRBVA/OR9-2*01,TRBVA/OR9-2,TCRBVA-or09_02*01,TCRBVA-or09_02*01
TRBVB*01,TRBVB,TCRBVB-01*01,TCRBVB-01*01
TRBVB*02,TRBVB,TCRBVB-01*02,TCRBVB-01*02
TRBVC*01,TRBVC,NoData,NoData
TRDC*01,TRDC,NoData,NoData
TRDD1*01,TRDD1,TCRDD01-01*01,TCRDD01-01*01
TRDD2*01,TRDD2,TCRDD02-01*01,TCRDD02-01*01
TRDD3*01,TRDD3,TCRDD03-01*01,TCRDD03-01*01
TRDJ1*01,TRDJ1,TCRDJ01-01*01,TCRDJ01-01*01
TRDJ2*01,TRDJ2,TCRDJ02-01*01,TCRDJ02-01*01
TRDJ3*01,TRDJ3,TCRDJ03-01*01,TCRDJ03-01*01
TRDJ4*01,TRDJ4,TCRDJ04-01*01,TCRDJ04-01*01
TRDV1*01,TRDV1,TCRDV01-01*01,TCRDV01-01*01
TRDV2*01,TRDV2,TCRDV02-01*01,TCRDV02-01*01
TRDV2*02,TRDV2,TCRDV02-01*02,TCRDV02-01*02
TRDV2*03,TRDV2,TCRDV02-01*03,TCRDV02-01*03
TRDV3*01,TRDV3,TCRDV03-01*01,TCRDV03-01*01
TRDV3*02,TRDV3,TCRDV03-01*02,TCRDV03-01*02
TRGC1*01,TRGC1,NoData,NoData
TRGC1*02,TRGC1,NoData,NoData
TRGC1*03,TRGC1,NoData,NoData
TRGC1*04,TRGC1,NoData,NoData
TRGC1*05,TRGC1,NoData,NoData
TRGC2*01,TRGC2,NoData,NoData
TRGC2*02,TRGC2,NoData,NoData
TRGC2*03,TRGC2,NoData,NoData
TRGC2*04,TRGC2,NoData,NoData
TRGC2*05,TRGC2,NoData,NoData
TRGC2*06,TRGC2,NoData,NoData
TRGC2*07,TRGC2,NoData,NoData
TRGC2*08,TRGC2,NoData,NoData
TRGJ1*01,TRGJ1,TCRGJ01-01*01,TCRGJ01-01*01
TRGJ1*02,TRGJ1,TCRGJ01-01*02,TCRGJ01-01*02
TRGJ2*01,TRGJ2,TCRGJ02-01*01,TCRGJ02-01*01
TRGJP*01,TRGJP,TCRGJP-01*01,TCRGJP-01*01
TRGJP1*01,TRGJP1,TCRGJP01-01*01,TCRGJP01-01*01
TRGJP2*01,TRGJP2,TCRGJP02-01*01,TCRGJP02-01*01
TRGV1*01,TRGV1,TCRGV01-01*01,TCRGV01-01*01
TRGV10*01,TRGV10,TCRGV10-01*01,TCRGV10-01*01
TRGV10*02,TRGV10,TCRGV10-01*02,TCRGV10-01*02
TRGV11*01,TRGV11,TCRGV11-01*01,TCRGV11-01*01
TRGV11*02,TRGV11,TCRGV11-01*02,TCRGV11-01*02
TRGV2*01,TRGV2,TCRGV02-01*01,TCRGV02-01*01
TRGV2*02,TRGV2,TCRGV02-01*02,TCRGV02-01*02
TRGV2*03,TRGV2,TCRGV02-01*03,TCRGV02-01*03
TRGV3*01,TRGV3,TCRGV03-01*01,TCRGV03-01*01
TRGV3*02,TRGV3,TCRGV03-01*02,TCRGV03-01*02
TRGV4*01,TRGV4,TCRGV04-01*01,TCRGV04-01*01
TRGV4*02,TRGV4,TCRGV04-01*02,TCRGV04-01*02
TRGV5*01,TRGV5,TCRGV05-01*01,TCRGV05-01*01
TRGV5P*01,TRGV5P,TCRGV5P-01*01,TCRGV5P-01*01
TRGV5P*02,TRGV5P,TCRGV5P-01*02,TCRGV5P-01*02
TRGV6*01,TRGV6,TCRGV06-01*01,TCRGV06-01*01
TRGV6*02,TRGV6,TCRGV06-01*02,TCRGV06-01*02
TRGV7*01,TRGV7,TCRGV07-01*01,TCRGV07-01*01
TRGV8*01,TRGV8,TCRGV08-01*01,TCRGV08-01*01
TRGV9*01,TRGV9,TCRGV09-01*01,TCRGV09-01*01
TRGV9*02,TRGV9,TCRGV09-01*02,TCRGV09-01*02
TRGVA*01,TRGVA,TCRGVA-01*01,TCRGVA-01*01
TRGVB*01,TRGVB,TCRGVB-01*01,TCRGVB-01*01
TRGVB*02,TRGVB,TCRGVB-01*02,TCRGVB-01*02
