,imgt,tenx,adaptive,adaptive_v2
0,TRAJ1*01,TRAJ1,TCRAJ01*01,TCRAJ01*01
1,TRAJ10*01,TRAJ10,TCRAJ10*01,TCRAJ10*01
2,TRAJ11*01,TRAJ11,TCRAJ11*01,TCRAJ11*01
3,TRAJ12*01,TRAJ12,TCRAJ12*01,TCRAJ12*01
4,TRAJ13*01,TRAJ13,TCRAJ13*01,TCRAJ13*01
5,TRAJ13*02,TRAJ13,TCRAJ13*02,TCRAJ13*02
6,TRAJ14*01,TRAJ14,TCRAJ14*01,TCRAJ14*01
7,TRAJ15*01,TRAJ15,TCRAJ15*01,TCRAJ15*01
8,TRAJ15*02,TRAJ15,TCRAJ15*02,TCRAJ15*02
9,TRAJ16*01,TRAJ16,TCRAJ16*01,TCRAJ16*01
10,TRAJ16*02,TRAJ16,TCRAJ16*02,TCRAJ16*02
11,TRAJ17*01,TRAJ17,TCRAJ17*01,TCRAJ17*01
12,TRAJ18*01,TRAJ18,TCRAJ18*01,TCRAJ18*01
13,TRAJ19*01,TRAJ19,TCRAJ19*01,TCRAJ19*01
14,TRAJ2*01,TRAJ2,TCRAJ02*01,TCRAJ02*01
15,TRAJ20*01,TRAJ20,TCRAJ20*01,TCRAJ20*01
16,TRAJ21*01,TRAJ21,TCRAJ21*01,TCRAJ21*01
17,TRAJ22*01,TRAJ22,TCRAJ22*01,TCRAJ22*01
18,TRAJ23*01,TRAJ23,TCRAJ23*01,TCRAJ23*01
19,TRAJ23*02,TRAJ23,TCRAJ23*02,TCRAJ23*02
20,TRAJ24*01,TRAJ24,TCRAJ24*01,TCRAJ24*01
21,TRAJ24*02,TRAJ24,TCRAJ24*02,TCRAJ24*02
22,TRAJ24*03,TRAJ24,TCRAJ24*03,TCRAJ24*03
23,TRAJ25*01,TRAJ25,TCRAJ25*01,TCRAJ25*01
24,TRAJ26*01,TRAJ26,TCRAJ26*01,TCRAJ26*01
25,TRAJ27*01,TRAJ27,TCRAJ27*01,TCRAJ27*01
26,TRAJ28*01,TRAJ28,TCRAJ28*01,TCRAJ28*01
27,TRAJ29*01,TRAJ29,TCRAJ29*01,TCRAJ29*01
28,TRAJ3*01,TRAJ3,TCRAJ03*01,TCRAJ03*01
29,TRAJ30*01,TRAJ30,TCRAJ30*01,TCRAJ30*01
30,TRAJ31*01,TRAJ31,TCRAJ31*01,TCRAJ31*01
31,TRAJ32*01,TRAJ32,TCRAJ32*01,TCRAJ32*01
32,TRAJ32*02,TRAJ32,TCRAJ32*02,TCRAJ32*02
33,TRAJ33*01,TRAJ33,TCRAJ33*01,TCRAJ33*01
34,TRAJ34*01,TRAJ34,TCRAJ34*01,TCRAJ34*01
35,TRAJ35*01,TRAJ35,TCRAJ35*01,TCRAJ35*01
36,TRAJ36*01,TRAJ36,TCRAJ36*01,TCRAJ36*01
37,TRAJ37*01,TRAJ37,TCRAJ37*01,TCRAJ37*01
38,TRAJ37*02,TRAJ37,TCRAJ37*02,TCRAJ37*02
39,TRAJ38*01,TRAJ38,TCRAJ38*01,TCRAJ38*01
40,TRAJ39*01,TRAJ39,TCRAJ39*01,TCRAJ39*01
41,TRAJ4*01,TRAJ4,TCRAJ04*01,TCRAJ04*01
42,TRAJ40*01,TRAJ40,TCRAJ40*01,TCRAJ40*01
43,TRAJ41*01,TRAJ41,TCRAJ41*01,TCRAJ41*01
44,TRAJ42*01,TRAJ42,TCRAJ42*01,TCRAJ42*01
45,TRAJ43*01,TRAJ43,TCRAJ43*01,TCRAJ43*01
46,TRAJ44*01,TRAJ44,TCRAJ44*01,TCRAJ44*01
47,TRAJ45*01,TRAJ45,TCRAJ45*01,TCRAJ45*01
48,TRAJ46*01,TRAJ46,TCRAJ46*01,TCRAJ46*01
49,TRAJ47*01,TRAJ47,TCRAJ47*01,TCRAJ47*01
50,TRAJ47*02,TRAJ47,TCRAJ47*02,TCRAJ47*02
51,TRAJ48*01,TRAJ48,TCRAJ48*01,TCRAJ48*01
52,TRAJ49*01,TRAJ49,TCRAJ49*01,TCRAJ49*01
53,TRAJ5*01,TRAJ5,TCRAJ05*01,TCRAJ05*01
54,TRAJ50*01,TRAJ50,TCRAJ50*01,TCRAJ50*01
55,TRAJ51*01,TRAJ51,TCRAJ51*01,TCRAJ51*01
56,TRAJ52*01,TRAJ52,TCRAJ52*01,TCRAJ52*01
57,TRAJ53*01,TRAJ53,TCRAJ53*01,TCRAJ53*01
58,TRAJ54*01,TRAJ54,TCRAJ54*01,TCRAJ54*01
59,TRAJ55*01,TRAJ55,TCRAJ55*01,TCRAJ55*01
60,TRAJ56*01,TRAJ56,TCRAJ56*01,TCRAJ56*01
61,TRAJ57*01,TRAJ57,TCRAJ57*01,TCRAJ57*01
62,TRAJ58*01,TRAJ58,TCRAJ58*01,TCRAJ58*01
63,TRAJ59*01,TRAJ59,TCRAJ59*01,TCRAJ59*01
64,TRAJ6*01,TRAJ6,TCRAJ06*01,TCRAJ06*01
65,TRAJ60*01,TRAJ60,TCRAJ60*01,TCRAJ60*01
66,TRAJ61*01,TRAJ61,TCRAJ61*01,TCRAJ61*01
67,TRAJ7*01,TRAJ7,TCRAJ07*01,TCRAJ07*01
68,TRAJ8*01,TRAJ8,TCRAJ08*01,TCRAJ08*01
69,TRAJ8*02,TRAJ8,TCRAJ08*02,TCRAJ08*02
70,TRAJ9*01,TRAJ9,TCRAJ09*01,TCRAJ09*01
71,TRAV1-1*01,TRAV1-1,TCRAV01-01*01,TCRAV01-01*01
72,TRAV1-1*02,TRAV1-1,TCRAV01-01*02,TCRAV01-01*02
73,TRAV1-2*01,TRAV1-2,TCRAV01-02*01,TCRAV01-02*01
74,TRAV1-2*02,TRAV1-2,TCRAV01-02*02,TCRAV01-02*02
75,TRAV1-2*03,TRAV1-2,TCRAV01-02*03,TCRAV01-02*03
76,TRAV10*01,TRAV10,TCRAV10*01,TCRAV10*01
77,TRAV10*02,TRAV10,TCRAV10*02,TCRAV10*02
78,TRAV11*01,TRAV11,TCRAV11*01,TCRAV11*01
79,TRAV12-1*01,TRAV12-1,TCRAV12-01*01,TCRAV12-01*01
80,TRAV12-1*02,TRAV12-1,TCRAV12-01*02,TCRAV12-01*02
81,TRAV12-2*01,TRAV12-2,TCRAV12-02*01,TCRAV12-02*01
82,TRAV12-2*02,TRAV12-2,TCRAV12-02*02,TCRAV12-02*02
83,TRAV12-2*03,TRAV12-2,TCRAV12-02*03,TCRAV12-02*03
84,TRAV12-3*01,TRAV12-3,TCRAV12-03*01,TCRAV12-03*01
85,TRAV12-3*02,TRAV12-3,TCRAV12-03*02,TCRAV12-03*02
86,TRAV13-1*01,TRAV13-1,TCRAV13-01*01,TCRAV13-01*01
87,TRAV13-1*02,TRAV13-1,TCRAV13-01*02,TCRAV13-01*02
88,TRAV13-1*03,TRAV13-1,TCRAV13-01*03,TCRAV13-01*03
89,TRAV13-2*01,TRAV13-2,TCRAV13-02*01,TCRAV13-02*01
90,TRAV13-2*02,TRAV13-2,TCRAV13-02*02,TCRAV13-02*02
91,TRAV14/DV4*01,TRAV14/DV4,TCRAV14/DV4*01,TCRAV14/DV4*01
92,TRAV14/DV4*02,TRAV14/DV4,TCRAV14/DV4*02,TCRAV14/DV4*02
93,TRAV14/DV4*03,TRAV14/DV4,TCRAV14/DV4*03,TCRAV14/DV4*03
94,TRAV14/DV4*04,TRAV14/DV4,TCRAV14/DV4*04,TCRAV14/DV4*04
95,TRAV16*01,TRAV16,TCRAV16*01,TCRAV16*01
96,TRAV17*01,TRAV17,TCRAV17*01,TCRAV17*01
97,TRAV18*01,TRAV18,TCRAV18*01,TCRAV18*01
98,TRAV19*01,TRAV19,TCRAV19*01,TCRAV19*01
99,TRAV2*01,TRAV2,TCRAV02*01,TCRAV02*01
100,TRAV2*02,TRAV2,TCRAV02*02,TCRAV02*02
101,TRAV20*01,TRAV20,TCRAV20*01,TCRAV20*01
102,TRAV20*02,TRAV20,TCRAV20*02,TCRAV20*02
103,TRAV20*03,TRAV20,TCRAV20*03,TCRAV20*03
104,TRAV20*04,TRAV20,TCRAV20*04,TCRAV20*04
105,TRAV21*01,TRAV21,TCRAV21*01,TCRAV21*01
106,TRAV21*02,TRAV21,TCRAV21*02,TCRAV21*02
107,TRAV22*01,TRAV22,TCRAV22*01,TCRAV22*01
108,TRAV23/DV6*01,TRAV23/DV6,TCRAV23/DV6*01,TCRAV23/DV6*01
109,TRAV23/DV6*02,TRAV23/DV6,TCRAV23/DV6*02,TCRAV23/DV6*02
110,TRAV23/DV6*03,TRAV23/DV6,TCRAV23/DV6*03,TCRAV23/DV6*03
111,TRAV23/DV6*04,TRAV23/DV6,TCRAV23/DV6*04,TCRAV23/DV6*04
112,TRAV23/DV6*05,TRAV23/DV6,TCRAV23/DV6*05,TCRAV23/DV6*05
113,TRAV24*01,TRAV24,TCRAV24*01,TCRAV24*01
114,TRAV24*02,TRAV24,TCRAV24*02,TCRAV24*02
115,TRAV25*01,TRAV25,TCRAV25*01,TCRAV25*01
116,TRAV26-1*01,TRAV26-1,TCRAV26-01*01,TCRAV26-01*01
117,TRAV26-1*02,TRAV26-1,TCRAV26-01*02,TCRAV26-01*02
118,TRAV26-1*03,TRAV26-1,TCRAV26-01*03,TCRAV26-01*03
119,TRAV26-2*01,TRAV26-2,TCRAV26-02*01,TCRAV26-02*01
120,TRAV26-2*02,TRAV26-2,TCRAV26-02*02,TCRAV26-02*02
121,TRAV27*01,TRAV27,TCRAV27*01,TCRAV27*01
122,TRAV27*02,TRAV27,TCRAV27*02,TCRAV27*02
123,TRAV27*03,TRAV27,TCRAV27*03,TCRAV27*03
124,TRAV29/DV5*01,TRAV29/DV5,TCRAV29/DV5*01,TCRAV29/DV5*01
125,TRAV29/DV5*02,TRAV29/DV5,TCRAV29/DV5*02,TCRAV29/DV5*02
126,TRAV29/DV5*04,TRAV29/DV5,TCRAV29/DV5*04,TCRAV29/DV5*04
127,TRAV3*01,TRAV3,TCRAV03*01,TCRAV03*01
128,TRAV30*01,TRAV30,TCRAV30*01,TCRAV30*01
129,TRAV30*02,TRAV30,TCRAV30*02,TCRAV30*02
130,TRAV30*03,TRAV30,TCRAV30*03,TCRAV30*03
131,TRAV30*04,TRAV30,TCRAV30*04,TCRAV30*04
132,TRAV30*05,TRAV30,TCRAV30*05,TCRAV30*05
133,TRAV34*01,TRAV34,TCRAV34*01,TCRAV34*01
134,TRAV35*01,TRAV35,TCRAV35*01,TCRAV35*01
135,TRAV35*02,TRAV35,TCRAV35*02,TCRAV35*02
136,TRAV35*03,TRAV35,TCRAV35*03,TCRAV35*03
137,TRAV36/DV7*01,TRAV36/DV7,TCRAV36/DV7*01,TCRAV36/DV7*01
138,TRAV36/DV7*02,TRAV36/DV7,TCRAV36/DV7*02,TCRAV36/DV7*02
139,TRAV36/DV7*03,TRAV36/DV7,TCRAV36/DV7*03,TCRAV36/DV7*03
140,TRAV36/DV7*04,TRAV36/DV7,TCRAV36/DV7*04,TCRAV36/DV7*04
141,TRAV36/DV7*05,TRAV36/DV7,TCRAV36/DV7*05,TCRAV36/DV7*05
142,TRAV38-1*01,TRAV38-1,TCRAV38-01*01,TCRAV38-01*01
143,TRAV38-1*02,TRAV38-1,TCRAV38-01*02,TCRAV38-01*02
144,TRAV38-1*03,TRAV38-1,TCRAV38-01*03,TCRAV38-01*03
145,TRAV38-1*04,TRAV38-1,TCRAV38-01*04,TCRAV38-01*04
146,TRAV38-2/DV8*01,TRAV38-2/DV8,TCRAV38-02/DV8*01,TCRAV38-02/DV8*01
147,TRAV39*01,TRAV39,TCRAV39*01,TCRAV39*01
148,TRAV4*01,TRAV4,TCRAV04*01,TCRAV04*01
149,TRAV40*01,TRAV40,TCRAV40*01,TCRAV40*01
150,TRAV41*01,TRAV41,TCRAV41*01,TCRAV41*01
151,TRAV5*01,TRAV5,TCRAV05*01,TCRAV05*01
152,TRAV6*01,TRAV6,TCRAV06*01,TCRAV06*01
153,TRAV6*02,TRAV6,TCRAV06*02,TCRAV06*02
154,TRAV6*03,TRAV6,TCRAV06*03,TCRAV06*03
155,TRAV6*04,TRAV6,TCRAV06*04,TCRAV06*04
156,TRAV6*05,TRAV6,TCRAV06*05,TCRAV06*05
157,TRAV6*06,TRAV6,TCRAV06*06,TCRAV06*06
158,TRAV6*07,TRAV6,TCRAV06*07,TCRAV06*07
159,TRAV7*01,TRAV7,TCRAV07*01,TCRAV07*01
160,TRAV8-1*01,TRAV8-1,TCRAV08-01*01,TCRAV08-01*01
161,TRAV8-1*02,TRAV8-1,TCRAV08-01*02,TCRAV08-01*02
162,TRAV8-2*01,TRAV8-2,TCRAV08-02*01,TCRAV08-02*01
163,TRAV8-2*02,TRAV8-2,TCRAV08-02*02,TCRAV08-02*02
164,TRAV8-2*03,TRAV8-2,TCRAV08-02*03,TCRAV08-02*03
165,TRAV8-3*01,TRAV8-3,TCRAV08-03*01,TCRAV08-03*01
166,TRAV8-3*02,TRAV8-3,TCRAV08-03*02,TCRAV08-03*02
167,TRAV8-3*03,TRAV8-3,TCRAV08-03*03,TCRAV08-03*03
168,TRAV8-4*01,TRAV8-4,TCRAV08-04*01,TCRAV08-04*01
169,TRAV8-4*02,TRAV8-4,TCRAV08-04*02,TCRAV08-04*02
170,TRAV8-4*03,TRAV8-4,TCRAV08-04*03,TCRAV08-04*03
171,TRAV8-4*04,TRAV8-4,TCRAV08-04*04,TCRAV08-04*04
172,TRAV8-4*05,TRAV8-4,TCRAV08-04*05,TCRAV08-04*05
173,TRAV8-4*06,TRAV8-4,TCRAV08-04*06,TCRAV08-04*06
174,TRAV8-4*07,TRAV8-4,TCRAV08-04*07,TCRAV08-04*07
175,TRAV8-6*01,TRAV8-6,TCRAV08-06*01,TCRAV08-06*01
176,TRAV8-6*02,TRAV8-6,TCRAV08-06*02,TCRAV08-06*02
177,TRAV8-7*01,TRAV8-7,TCRAV08-07*01,TCRAV08-07*01
178,TRAV8-7*02,TRAV8-7,TCRAV08-07*02,TCRAV08-07*02
179,TRAV9-1*01,TRAV9-1,TCRAV09-01*01,TCRAV09-01*01
180,TRAV9-2*01,TRAV9-2,TCRAV09-02*01,TCRAV09-02*01
181,TRAV9-2*02,TRAV9-2,TCRAV09-02*02,TCRAV09-02*02
182,TRAV9-2*03,TRAV9-2,TCRAV09-02*03,TCRAV09-02*03
183,TRAV9-2*04,TRAV9-2,TCRAV09-02*04,TCRAV09-02*04
184,TRBJ1-1*01,TRBJ1-1,TCRBJ01-01*01,TCRBJ01-01*01
185,TRBJ1-2*01,TRBJ1-2,TCRBJ01-02*01,TCRBJ01-02*01
186,TRBJ1-3*01,TRBJ1-3,TCRBJ01-03*01,TCRBJ01-03*01
187,TRBJ1-4*01,TRBJ1-4,TCRBJ01-04*01,TCRBJ01-04*01
188,TRBJ1-5*01,TRBJ1-5,TCRBJ01-05*01,TCRBJ01-05*01
189,TRBJ1-6*01,TRBJ1-6,TCRBJ01-06*01,TCRBJ01-06*01
190,TRBJ1-6*02,TRBJ1-6,TCRBJ01-06*02,TCRBJ01-06*02
191,TRBJ2-1*01,TRBJ2-1,TCRBJ02-01*01,TCRBJ02-01*01
192,TRBJ2-2*01,TRBJ2-2,TCRBJ02-02*01,TCRBJ02-02*01
193,TRBJ2-2P*01,TRBJ2-2P,TCRBJ02-02P*01,TCRBJ02-02P*01
194,TRBJ2-3*01,TRBJ2-3,TCRBJ02-03*01,TCRBJ02-03*01
195,TRBJ2-4*01,TRBJ2-4,TCRBJ02-04*01,TCRBJ02-04*01
196,TRBJ2-5*01,TRBJ2-5,TCRBJ02-05*01,TCRBJ02-05*01
197,TRBJ2-6*01,TRBJ2-6,TCRBJ02-06*01,TCRBJ02-06*01
198,TRBJ2-7*01,TRBJ2-7,TCRBJ02-07*01,TCRBJ02-07*01
199,TRBJ2-7*02,TRBJ2-7,TCRBJ02-07*02,TCRBJ02-07*02
200,TRBV1*01,TRBV1,TCRBV01*01,TCRBV01*01
201,TRBV10-1*01,TRBV10-1,TCRBV10-01*01,TCRBV10-01*01
202,TRBV10-1*02,TRBV10-1,TCRBV10-01*02,TCRBV10-01*02
203,TRBV10-2*01,TRBV10-2,TCRBV10-02*01,TCRBV10-02*01
204,TRBV10-2*02,TRBV10-2,TCRBV10-02*02,TCRBV10-02*02
205,TRBV10-3*01,TRBV10-3,TCRBV10-03*01,TCRBV10-03*01
206,TRBV10-3*02,TRBV10-3,TCRBV10-03*02,TCRBV10-03*02
207,TRBV10-3*03,TRBV10-3,TCRBV10-03*03,TCRBV10-03*03
208,TRBV10-3*04,TRBV10-3,TCRBV10-03*04,TCRBV10-03*04
209,TRBV11-1*01,TRBV11-1,TCRBV11-01*01,TCRBV11-01*01
210,TRBV11-2*01,TRBV11-2,TCRBV11-02*01,TCRBV11-02*01
211,TRBV11-2*02,TRBV11-2,TCRBV11-02*02,TCRBV11-02*02
212,TRBV11-2*03,TRBV11-2,TCRBV11-02*03,TCRBV11-02*03
213,TRBV11-3*01,TRBV11-3,TCRBV11-03*01,TCRBV11-03*01
214,TRBV11-3*02,TRBV11-3,TCRBV11-03*02,TCRBV11-03*02
215,TRBV11-3*03,TRBV11-3,TCRBV11-03*03,TCRBV11-03*03
216,TRBV11-3*04,TRBV11-3,TCRBV11-03*04,TCRBV11-03*04
217,TRBV12-1*01,TRBV12-1,TCRBV12-01*01,TCRBV12-01*01
218,TRBV12-2*01,TRBV12-2,TCRBV12-02*01,TCRBV12-02*01
219,TRBV12-3*01,TRBV12-3,TCRBV12-03*01,TCRBV12-03*01
220,TRBV12-4*01,TRBV12-4,TCRBV12-04*01,TCRBV12-04*01
221,TRBV12-4*02,TRBV12-4,TCRBV12-04*02,TCRBV12-04*02
222,TRBV12-5*01,TRBV12-5,TCRBV12-05*01,TCRBV12-05*01
223,TRBV13*01,TRBV13,TCRBV13*01,TCRBV13*01
224,TRBV13*02,TRBV13,TCRBV13*02,TCRBV13*02
225,TRBV14*01,TRBV14,TCRBV14*01,TCRBV14*01
226,TRBV14*02,TRBV14,TCRBV14*02,TCRBV14*02
227,TRBV15*01,TRBV15,TCRBV15*01,TCRBV15*01
228,TRBV15*02,TRBV15,TCRBV15*02,TCRBV15*02
229,TRBV15*03,TRBV15,TCRBV15*03,TCRBV15*03
230,TRBV16*01,TRBV16,TCRBV16*01,TCRBV16*01
231,TRBV16*02,TRBV16,TCRBV16*02,TCRBV16*02
232,TRBV16*03,TRBV16,TCRBV16*03,TCRBV16*03
233,TRBV17*01,TRBV17,TCRBV17*01,TCRBV17*01
234,TRBV17*02,TRBV17,TCRBV17*02,TCRBV17*02
235,TRBV18*01,TRBV18,TCRBV18*01,TCRBV18*01
236,TRBV19*01,TRBV19,TCRBV19*01,TCRBV19*01
237,TRBV19*02,TRBV19,TCRBV19*02,TCRBV19*02
238,TRBV19*03,TRBV19,TCRBV19*03,TCRBV19*03
239,TRBV2*01,TRBV2,TCRBV02*01,TCRBV02*01
240,TRBV2*02,TRBV2,TCRBV02*02,TCRBV02*02
241,TRBV2*03,TRBV2,TCRBV02*03,TCRBV02*03
242,TRBV20-1*01,TRBV20-1,TCRBV20-01*01,TCRBV20-01*01
243,TRBV20-1*02,TRBV20-1,TCRBV20-01*02,TCRBV20-01*02
244,TRBV20-1*03,TRBV20-1,TCRBV20-01*03,TCRBV20-01*03
245,TRBV20-1*04,TRBV20-1,TCRBV20-01*04,TCRBV20-01*04
246,TRBV20-1*05,TRBV20-1,TCRBV20-01*05,TCRBV20-01*05
247,TRBV20-1*06,TRBV20-1,TCRBV20-01*06,TCRBV20-01*06
248,TRBV20-1*07,TRBV20-1,TCRBV20-01*07,TCRBV20-01*07
249,TRBV20/OR9-2*01,TRBV20/OR9-2,TCRBV20/OR9-02*01,TCRBV20/OR9-02*01
250,TRBV20/OR9-2*02,TRBV20/OR9-2,TCRBV20/OR9-02*02,TCRBV20/OR9-02*02
251,TRBV20/OR9-2*03,TRBV20/OR9-2,TCRBV20/OR9-02*03,TCRBV20/OR9-02*03
252,TRBV21-1*01,TRBV21-1,TCRBV21-01*01,TCRBV21-01*01
253,TRBV21-1*02,TRBV21-1,TCRBV21-01*02,TCRBV21-01*02
254,TRBV21/OR9-2*01,TRBV21/OR9-2,TCRBV21/OR9-02*01,TCRBV21/OR9-02*01
255,TRBV23-1*01,TRBV23-1,TCRBV23-01*01,TCRBV23-01*01
256,TRBV23/OR9-2*01,TRBV23/OR9-2,TCRBV23/OR9-02*01,TCRBV23/OR9-02*01
257,TRBV23/OR9-2*02,TRBV23/OR9-2,TCRBV23/OR9-02*02,TCRBV23/OR9-02*02
258,TRBV24-1*01,TRBV24-1,TCRBV24-01*01,TCRBV24-01*01
259,TRBV24-1*02,TRBV24-1,TCRBV24-01*02,TCRBV24-01*02
260,TRBV24/OR9-2*01,TRBV24/OR9-2,TCRBV24/OR9-02*01,TCRBV24/OR9-02*01
261,TRBV25-1*01,TRBV25-1,TCRBV25-01*01,TCRBV25-01*01
262,TRBV26*01,TRBV26,TCRBV26*01,TCRBV26*01
263,TRBV26/OR9-2*01,TRBV26/OR9-2,TCRBV26/OR9-02*01,TCRBV26/OR9-02*01
264,TRBV26/OR9-2*02,TRBV26/OR9-2,TCRBV26/OR9-02*02,TCRBV26/OR9-02*02
265,TRBV27*01,TRBV27,TCRBV27*01,TCRBV27*01
266,TRBV28*01,TRBV28,TCRBV28*01,TCRBV28*01
267,TRBV29-1*01,TRBV29-1,TCRBV29-01*01,TCRBV29-01*01
268,TRBV29-1*02,TRBV29-1,TCRBV29-01*02,TCRBV29-01*02
269,TRBV29-1*03,TRBV29-1,TCRBV29-01*03,TCRBV29-01*03
270,TRBV29/OR9-2*01,TRBV29/OR9-2,TCRBV29/OR9-02*01,TCRBV29/OR9-02*01
271,TRBV29/OR9-2*02,TRBV29/OR9-2,TCRBV29/OR9-02*02,TCRBV29/OR9-02*02
272,TRBV3-1*01,TRBV3-1,TCRBV03-01*01,TCRBV03-01*01
273,TRBV3-1*02,TRBV3-1,TCRBV03-01*02,TCRBV03-01*02
274,TRBV3-2*01,TRBV3-2,TCRBV03-02*01,TCRBV03-02*01
275,TRBV3-2*02,TRBV3-2,TCRBV03-02*02,TCRBV03-02*02
276,TRBV3-2*03,TRBV3-2,TCRBV03-02*03,TCRBV03-02*03
277,TRBV30*01,TRBV30,TCRBV30*01,TCRBV30*01
278,TRBV30*02,TRBV30,TCRBV30*02,TCRBV30*02
279,TRBV30*03,TRBV30,TCRBV30*03,TCRBV30*03
280,TRBV30*04,TRBV30,TCRBV30*04,TCRBV30*04
281,TRBV30*05,TRBV30,TCRBV30*05,TCRBV30*05
282,TRBV4-1*01,TRBV4-1,TCRBV04-01*01,TCRBV04-01*01
283,TRBV4-1*02,TRBV4-1,TCRBV04-01*02,TCRBV04-01*02
284,TRBV4-2*01,TRBV4-2,TCRBV04-02*01,TCRBV04-02*01
285,TRBV4-2*02,TRBV4-2,TCRBV04-02*02,TCRBV04-02*02
286,TRBV4-3*01,TRBV4-3,TCRBV04-03*01,TCRBV04-03*01
287,TRBV4-3*02,TRBV4-3,TCRBV04-03*02,TCRBV04-03*02
288,TRBV4-3*03,TRBV4-3,TCRBV04-03*03,TCRBV04-03*03
289,TRBV4-3*04,TRBV4-3,TCRBV04-03*04,TCRBV04-03*04
290,TRBV5-1*01,TRBV5-1,TCRBV05-01*01,TCRBV05-01*01
291,TRBV5-1*02,TRBV5-1,TCRBV05-01*02,TCRBV05-01*02
292,TRBV5-3*01,TRBV5-3,TCRBV05-03*01,TCRBV05-03*01
293,TRBV5-3*02,TRBV5-3,TCRBV05-03*02,TCRBV05-03*02
294,TRBV5-4*01,TRBV5-4,TCRBV05-04*01,TCRBV05-04*01
295,TRBV5-4*02,TRBV5-4,TCRBV05-04*02,TCRBV05-04*02
296,TRBV5-4*03,TRBV5-4,TCRBV05-04*03,TCRBV05-04*03
297,TRBV5-4*04,TRBV5-4,TCRBV05-04*04,TCRBV05-04*04
298,TRBV5-5*01,TRBV5-5,TCRBV05-05*01,TCRBV05-05*01
299,TRBV5-5*02,TRBV5-5,TCRBV05-05*02,TCRBV05-05*02
300,TRBV5-5*03,TRBV5-5,TCRBV05-05*03,TCRBV05-05*03
301,TRBV5-6*01,TRBV5-6,TCRBV05-06*01,TCRBV05-06*01
302,TRBV5-7*01,TRBV5-7,TCRBV05-07*01,TCRBV05-07*01
303,TRBV5-8*01,TRBV5-8,TCRBV05-08*01,TCRBV05-08*01
304,TRBV5-8*02,TRBV5-8,TCRBV05-08*02,TCRBV05-08*02
305,TRBV6-1*01,TRBV6-1,TCRBV06-01*01,TCRBV06-01*01
306,TRBV6-2*01,TRBV6-2,TCRBV06-02*01,TCRBV06-02*01
307,TRBV6-3*01,TRBV6-3,TCRBV06-03*01,TCRBV06-03*01
308,TRBV6-4*01,TRBV6-4,TCRBV06-04*01,TCRBV06-04*01
309,TRBV6-4*02,TRBV6-4,TCRBV06-04*02,TCRBV06-04*02
310,TRBV6-5*01,TRBV6-5,TCRBV06-05*01,TCRBV06-05*01
311,TRBV6-6*01,TRBV6-6,TCRBV06-06*01,TCRBV06-06*01
312,TRBV6-6*02,TRBV6-6,TCRBV06-06*02,TCRBV06-06*02
313,TRBV6-6*03,TRBV6-6,TCRBV06-06*03,TCRBV06-06*03
314,TRBV6-6*04,TRBV6-6,TCRBV06-06*04,TCRBV06-06*04
315,TRBV6-6*05,TRBV6-6,TCRBV06-06*05,TCRBV06-06*05
316,TRBV6-7*01,TRBV6-7,TCRBV06-07*01,TCRBV06-07*01
317,TRBV6-8*01,TRBV6-8,TCRBV06-08*01,TCRBV06-08*01
318,TRBV6-9*01,TRBV6-9,TCRBV06-09*01,TCRBV06-09*01
319,TRBV7-1*01,TRBV7-1,TCRBV07-01*01,TCRBV07-01*01
320,TRBV7-2*01,TRBV7-2,TCRBV07-02*01,TCRBV07-02*01
321,TRBV7-2*02,TRBV7-2,TCRBV07-02*02,TCRBV07-02*02
322,TRBV7-2*03,TRBV7-2,TCRBV07-02*03,TCRBV07-02*03
323,TRBV7-2*04,TRBV7-2,TCRBV07-02*04,TCRBV07-02*04
324,TRBV7-3*01,TRBV7-3,TCRBV07-03*01,TCRBV07-03*01
325,TRBV7-3*02,TRBV7-3,TCRBV07-03*02,TCRBV07-03*02
326,TRBV7-3*03,TRBV7-3,TCRBV07-03*03,TCRBV07-03*03
327,TRBV7-3*04,TRBV7-3,TCRBV07-03*04,TCRBV07-03*04
328,TRBV7-3*05,TRBV7-3,TCRBV07-03*05,TCRBV07-03*05
329,TRBV7-4*01,TRBV7-4,TCRBV07-04*01,TCRBV07-04*01
330,TRBV7-6*01,TRBV7-6,TCRBV07-06*01,TCRBV07-06*01
331,TRBV7-6*02,TRBV7-6,TCRBV07-06*02,TCRBV07-06*02
332,TRBV7-7*01,TRBV7-7,TCRBV07-07*01,TCRBV07-07*01
333,TRBV7-7*02,TRBV7-7,TCRBV07-07*02,TCRBV07-07*02
334,TRBV7-8*01,TRBV7-8,TCRBV07-08*01,TCRBV07-08*01
335,TRBV7-8*02,TRBV7-8,TCRBV07-08*02,TCRBV07-08*02
336,TRBV7-8*03,TRBV7-8,TCRBV07-08*03,TCRBV07-08*03
337,TRBV7-9*01,TRBV7-9,TCRBV07-09*01,TCRBV07-09*01
338,TRBV7-9*02,TRBV7-9,TCRBV07-09*02,TCRBV07-09*02
339,TRBV7-9*03,TRBV7-9,TCRBV07-09*03,TCRBV07-09*03
340,TRBV7-9*04,TRBV7-9,TCRBV07-09*04,TCRBV07-09*04
341,TRBV7-9*05,TRBV7-9,TCRBV07-09*05,TCRBV07-09*05
342,TRBV7-9*06,TRBV7-9,TCRBV07-09*06,TCRBV07-09*06
343,TRBV7-9*07,TRBV7-9,TCRBV07-09*07,TCRBV07-09*07
344,TRBV9*01,TRBV9,TCRBV09*01,TCRBV09*01
345,TRBV9*02,TRBV9,TCRBV09*02,TCRBV09*02
346,TRBV9*03,TRBV9,TCRBV09*03,TCRBV09*03
